Nonce,Hash
316260512,22764994595377706005617629495955870183346711470540988563265823017536229462334
316260513,60642207976468875407993318517442637647809595378608465474504781553072568762787
316260514,55676138223976386515681544248003630868314145272245173134951891025100310077906
316260515,29317733462570486184211692506325708146838732246844261529664237513386452730463
316260516,45605110886833872314702762467289197996013637033134089828061005484315883647264
316260517,69323352477558907867352457918796807466927709288899983198219665446568549064965
316260518,18213176950335085294036279000783555321717602383448431244948426858256889878952
316260519,85686846861741678706868134476727935691360370020353996389623275776005988459693
316260520,93179893024294839951604139847937540610122149977895464607814167254539863090684
316260521,493779782205846984931961372105905274634226632439752337608772204625590757306
316260522,65488464726118985180869151985221997285121400928588660991888905704545694912756
316260523,101513975792064752199478837474955474231518072730884412440200656956119305620515
316260524,12529421550179072224911629498121293687713140488808070027552209293450860982047
316260525,103218128393053608737859736051591965492264244869233302492551888149275601822032
316260526,12935355070071356135868667606525931931874615657437342865966232493944975065724
316260527,25544772234012888836262962777475685064252087587878316296319069409053467894723
316260528,78885748845797554737727140657202700730766092956226478640144918957459720136605
316260529,59289771474262895094490832562106219129359053521947402040391869244227970530875
316260530,52028826941492580735384877159017048596416273711832853831753008361147257084232
316260531,48553297361701213052354977079430723104928708688567068413266216699258987336732
316260532,61293165002666830475791411270092930514738771027593318031486588696423908256308
316260533,77595228745106138080676796511526087232408937085833523241676965616442694540873
316260534,115349756644762409772106643335794635764326465395337843433226200134403996037326
316260535,74185878016062765314274593537075378166298988303983534023558488062237335339795
316260536,93330487619964196549413810821153719705693577249628332087156467259887382861158
316260537,61961137877097031148679110206666509244255401676022161716004651419040786679998
316260538,20796583293743564615045217811407408131132460278023344097916496984719319834777
316260539,36051669269135147969256147362876781490323723229025511272304559018153304810217
316260540,97803396963308263409459339876291156905602152952624478538005609252813885685294
316260541,47853099816187222437852825959732930984270788883310866088075522230072581969876
316260542,52830238818008229460657759884179454863324001197647388606623071374635749658024
316260543,34896368567261711744666078118122305972173900494407403755415476277416628379472
316260544,70153232935309092952694360439776231899726097995682611087152795430036312758924
316260545,110468267976448670659803797581497874659634885745771643911133482824056549884752
316260546,33615287921364338631381810005495867038800322685831208878882714972713991315977
316260547,62759237914551442851657988227825237468355308818318107116613343750887974972550
316260548,23525048003553889763728849237297309434089016309973971149117147092317446787706
316260549,99063135291780048387427340098718903119007516408941834321385825808340758857871
316260550,83200751852031531149963851694466272450542108315813713248159543342237128191781
316260551,92494037867368677911052726578348554067646382866604607139616367110041259816648
316260552,85630493011125348271389157625034545648140363284728720959582879716235510814425
316260553,1785262861881245036736686831769381492656400885917319626060405431521522665384
316260554,69441912899255867102124259889648935662126818924079526535032731408233730973532
316260555,55576558134299163962673322873721494194090548061129374885095789637020225585983
316260556,21091159031966707273445430188742588426864943615432425536881106485767997727438
316260557,76148803371290861043900687438149715586129169160750162830356827624725623492250
316260558,54149076022675251319631245179647230572957504126078707082912756388555673885578
316260559,30712373204489036272126971434757458102661342664596115979404711812966455450426
316260560,112097880409615569876527052447664462583509203409393972223840452499305616265844
316260561,54842550568014553670806655892646486249244822860315996966027683488420012778859
316260562,27581310557770909563617114882778365366700885741501461825814411013751856977039
316260563,58817303829302900745809027051589237389963672144759046322644431959443694622787
316260564,43005397634224568635687454460680611356430733422500065637120793395182311205107
316260565,102624298757153519423144017466588449345389014194999488543873788302295597309887
316260566,35692646294156568487423671863004887111143357700155484128340070447747648375842
316260567,342171517535476418594155977457865348104769670353818320450813506400310212071
316260568,27061454310824677794009812178146155513737515234619635058275365758711111003078
316260569,13214603198756041515014965476462256913401844653334482580913734730313602022852
316260570,5296990912121275511511852089929176375296541268992422483589346558800231575214
316260571,14481134501183593830246582250844653456978415112681945296217579929812651560260
316260572,112725214372137955407101202092887738274745683032801159115064167448317062577565
316260573,57319862414757359065074211025772531590876134810336404552379391056343927253692
316260574,13204270423365355146254437297999578741191393929281428526559414193608881455992
316260575,70888645926663327826482822276677861068138025155969031340327567202200601570700
316260576,107441890622584686571548666576710594592662745683771477535148274774032963029007
316260577,31849215358313902200995322303497998439509011152980546398652515680548079663308
316260578,4161011191769343912643978481139680575078612008172547855919245996504574566538
316260579,24558396264473908347024091209450122659853661623261019352043296134140499428717
316260580,108615580462409720843739227007932863366880267367919460590669998494243544341174
316260581,54360697770618999225357309475714514040329762713462470209381644560753948683867
316260582,11606041747097190247466213112254715976862600575459300303135148846855255502666
316260583,46871763347710264831058678380895955133112364232205519492351694240649635947634
316260584,37372704622013622496340448385704790838452023480254775200747341752503715292162
316260585,14536130202060522767508033556603268398763262083898551988136304351028947692177
316260586,36926247702066835291781878186464619771544638686426186718816720104400046742522
316260587,67004893261892841667446724797060408564290207363593364792375806583065552558592
316260588,47207593823831881982283066485091491781009037083427107639572205219638286127595
316260589,105646233183739162151921691317827316842758240873046495573320911372193876258004
316260590,29712211891332137241928980379646890286922552401278179430349892465124290301841
316260591,79636770493197040081171656608365353087595349522294859192711089549791296474457
316260592,52599242115514687344055226767108123903016056775748687300442508399577281022661
316260593,14895169878048135451825918069513292981890633588056691605905439866993028183968
316260594,67039438268873072395321610414481920477335592673662149326596894529185223532646
316260595,17359467014577565317724940564394894320326493713717954518197230282884098413098
316260596,7391138716816081192594195556620480905217458141698011353071783821647531688601
316260597,91827797033281812325395125674070775132117014758568787646196465727729430660812
316260598,97344778300738514637886551548171086623693606578687899215412137670750898704346
316260599,80643492225535476101642299999714117049663252946391235043957599051775264421203
316260600,45587395855108847532567070919758371681956101656351522005632254994940867865782
316260601,67314986134378483322738778136330312819587500012666592467525065505882146122917
316260602,28774436174659641793004865493035322642358382921494159423351601117531978882227
316260603,93853955941910572433991196424415680063792148388054390002282561788170500324159
316260604,30228235408444431985865582965819115981940151351141177529661668217316191611970
316260605,74594229125823689564956905155567234394087182022129699098220212375743880125873
316260606,91793054107292404278160116705756342726955512339278350974722577161312309292127
316260607,109860718082414054146753785170591028784919308551606130214646585552763726293911
316260608,41439177071307458871550744483588872184702863553466236177391974455720497123712
316260609,45677905070664882486750604331746698065836356082550051740248882713872826173500
316260610,23878319458918427686561410112759581244867265605556314453973722292613487118656
316260611,95572013210130945657253787826468231236714949930837108003369425742549751038681
316260612,41864977194674161679458965263811282180915542491318266019817037409282634546530
316260613,51791090159220827885134737837967378288346567011930385179090293379270753282784
316260614,105800742346884870791118438555670015343516910895472640729953610450239209374084
316260615,60574983901843127974036072113389714943364309973095484490185318441680864274407
316260616,10709389536228981431127700109958865840744483009453214303350593639176029614279
316260617,81802490347903261320944512589881268911495434042468259679806574220028956280726
316260618,42544747263472777274854539628209903483569330820477105164408021886283701723614
316260619,59799619650256487308256496961926142384002753309033068472616383336491018402925
316260620,33912994971298538549363130519186817095999363197304204622789919057562213215557
316260621,66489461332495266612314273792693338965212611188600857709607618356372233609748
316260622,27732942975565610829183558500042274734853891982290755303655568960487408064086
316260623,59882326206957958009211686512406215482863940239942818937891165200703907810087
316260624,1677780776059207362351377425965647241292171713265469897634526653496636920583
316260625,98590824897992646047038150157125586655361689655119279104330721698889891968459
316260626,26718476899100098412706258409899319494646053013656623146402206017615386174150
316260627,28279514805592602274755771054074197329524803450945518049967968911779559893098
316260628,21573797287535442068713269654337300425296873594115056871208937566836532297431
316260629,80000875774135466102564359216452320651356550346487166516486526843036755655612
316260630,77864324868992459963560747820329135130234363899766123767849922202934290742427
316260631,87096802614278195631698330957456753218445834991941579164262603519174559169336
316260632,96771299917918063155267772239619390066935872901519432797130053423402739694545
316260633,29457051113117140176606539860743658576337315604348557392245132241170639705710
316260634,55221011360451987063142199382497278031958692012481556238857693290869278602722
316260635,56709092562927527735511757735106471055595856003205885782484464470927132799504
316260636,11444396649555925833575909167231313113226134343346824235270389023505464163424
316260637,89867536265604489384985040282627278880241787346254577619334395440483502494005
316260638,80853846889208373814913283760717435634303144315899340088275222764386924994924
316260639,74698669067839168144177679228653242393729567849057460114690556481611147495146
316260640,3815664381394956841808216334816690720542070426621734796318056737758886696374
316260641,75361364214193436978230226025850666853998985206878880155857439722010184701772
316260642,40180738504792997769134752226197367724823801655948599672958312298454653413630
316260643,53192862898141923002090668805244692675067891493692086187095368098922120450915
316260644,114718135631686629464269673488911612469016273345328863235552001222175789667429
316260645,88235903536837209314329297692247968767065709596094078623305936723883898356697
316260646,89361533313858273034785434341411931721974430496648912747296189358242031244879
316260647,14693284744133617489401204757561135691850605293534199966773244664813207088120
316260648,84940124998875885915438787902670971312435693639690306911709907667494528926983
316260649,17400451043443164431813205018520526143609660472536972356958752368181571259571
316260650,60336130342581115584214378128763272114020934426336773413922137358855874604247
316260651,95272704914724946571742652809343510262401645563555985616308414255957524098050
316260652,25068543522125571817547160319410135037023904005404708306732089460649997429813
316260653,11140094328244605782328395607512308344723571651394374172199888813732781916526
316260654,111369958152238602024480210205738171040453198639354192224135672797197501710661
316260655,8320216143286248674540386446522415431288052566376709356665453924054170050214
316260656,114009069577098763475296070783403376371306314941562013929203819952319654199783
316260657,32626800480443725364073547296683794319363400161355431595346951167776091695938
316260658,9029479956224029250741598125942892333187815612462041552793538019687509560770
316260659,59846298509508001321853662021880222738287101762163797655734991864252540951962
316260660,42933205848130348740640858060702498385288475384401304249430849190594496070286
316260661,22768912260832827795763838606878270525465640745526563289084963525245919448962
316260662,103383202518713033184482109949338472759827322347895179991139090884773244079119
316260663,52734184148619061333807529288091492817699928521457152520004171285556723049848
316260664,108473392526069447379950451613343507964916924154974163321287925044185404075590
316260665,100083014833068022789678922371497059714845219365127676334895859946933035832758
316260666,109664311503889922585100870470415453936921069656984364352039197736849621552042
316260667,104816021536924141223860087979639132592837676992439178561526281156030434745677
316260668,35883477511492694304649556098210688320142937458782420509184567560898107669838
316260669,53588449111986827012231778579634677314614877969883687616278549272786863023273
316260670,71591200201603254848774457845020716602334927664839785473944676503589125237002
316260671,104773044974850006773299461715362591797133550797358157654725753356447521122123
316260672,67223788871702629768966386174198139906318790211713123074588617237536764719146
316260673,85046535073254002096433228367489709802735657090896955898878579986403090270508
316260674,31339081063833603159042570007372567659502451843028744803850305558940105601870
316260675,49920469656104083517084464339839808875392387575403223894823352729721112826443
316260676,61346523594113117944351525046335453321541177890808409267795822614024014130325
316260677,88886133934127743717219351368812914711327757400249165637108569347489240417760
316260678,55872306909587644987087569281724259044020452651372093621668985462087071995453
316260679,72290726439354536284982701905765856416402160833826114503530514943954425695264
316260680,56309579999287762346409809806572333142518089931350549523728127339692393534965
316260681,2529759118474774696734855380320796625956923914578781094135486743367825397128
316260682,110997365935996475810572030531227179773019551673319219600537165113490069280428
316260683,26823324576748631997094422500416006892120538144259272396874012567117217151185
316260684,50878994995152549397557500204603461882717635972109924135243473428738759578323
316260685,7625305137448586105406781591384799984807072018441719497198573910132021650921
316260686,12906436526668636491752767235025958740665810895697607040602690689511360532318
316260687,24710235510811141020341202747663384619710345704768239047583805171526951299218
316260688,77752991312454022615545072042519947769211582845582444664338790388030393142901
316260689,73727278896014598257230740915729661108869600944477709332030637737369233939943
316260690,92969307499181117711058215189144069177404466672403043625330165265811106140214
316260691,71869639399941648141869163335076758686606882338243682927247324415989554479311
316260692,12174973683818419857757032699521780736168741540581648024281547385062833542100
316260693,43541152245669154248406231849875107285921688282644175430355223240389596401103
316260694,68657776886460013621569301872984693632132841597405192864712094347935669215124
316260695,832109181095448164189592523280337874616012345844366471635595553290239502117
316260696,18491661916969500632058250862947460394685488698007255305552136065921980542470
316260697,91107398940875929030092663140587955819809565227962699037333899267988743017153
316260698,76183567459322689197579779526352565095325235786247700175040295234398533552840
316260699,16287102199793797725329224162259383680827557912214205839715673693490276771652
316260700,106122466505466359871727182226832327494582548145200862892777963472860379094976
316260701,113642926096297228465831569060808923904099188530779247336482274846264791964089
316260702,12651100944101169050838472913089108946884362369755673454822497341059992468819
316260703,105243172453191573371512611595433792632224955791506097067994808256989708918185
316260704,102802991478869746443182493277454004119231909492035407679623390642598896492184
316260705,63128245549444037905034872439696769352761339360977221899554564271152590856696
316260706,110390881214221080688225785458581733448264954287009304447290868521547529413258
316260707,94939393077339911240735811676097073480633084682936265899671547385680731432923
316260708,105370164590900454012422802191350291614355408077788941511929647267472343613871
316260709,30340637480524648838067068600744894779603719358342208968180999976168501227416
316260710,92499862016956633045163051166368270568566809989809762979808323604751871129869
316260711,4563756333521113307393997388323342512830202618941526662357720162889380079998
316260712,42617702277021866905759217338793325971676387552756477303892996183155308193418
316260713,1131810316841835936193855604007410721183711137995491215385361411638647271088
316260714,18194989086877426265749854841713303672886426812146333668824329056451427536260
316260715,17906184923023621525897416769467106162841774765836729095088753728302828125885
316260716,104060318002900619077441567750371829376526650308534045443252155644721355346983
316260717,88715149440634351952777483809569866111474897387304905084530008043760809381628
316260718,3128352428070115554044771508112371315156952649788595621659338787313473355380
316260719,81939937516099464898546129589344855731915776326402806019254957637163506473187
316260720,55725674667000950012709234493939212245061566543123968077686063266238690021821
316260721,79023448461520902214125574879540987195287361491553923384208750092868681724509
316260722,73532221923312356588952268727335824421738621048433955186594689047902132664238
316260723,85242205803296922380104532621690473652476724355127243536538254358706077480465
316260724,4274347712033743014916967456885786361347266512713587322455184146916931308159
316260725,27132425420201792344610701332445494340717541593222877905090361675480045145167
316260726,95078367491589999444312333377276496727404452009529299244478824855346947296686
316260727,7036351641589162133276311844038337010938175911974883962280348988105072620369
316260728,39412018021394559787369044684507025247004962643809757471549997051048949138275
316260729,32696757057444322734294207584588415453652763071997819883778114330840509601971
316260730,75497035944045931196189719178296731246340968174815038282395069286434132795443
316260731,36580401097238658954972564702369904022372507578246785327464008886525699722180
316260732,74923226647905868907573016531246200037682957448108002330541173552195322383521
316260733,64503896883619102425772357000535905158574021488478087257754678071676376162696
316260734,32477289876041847185087158467436327148053063248121840491488699396539845343673
316260735,114375673763415725978698401435097098220983916789681905381266170258073675843928
316260736,10438309856509597938633481443007514276762896361357794348553556178497976650358
316260737,48207166906110581291803202740213534938327632142808044422056823118016354035330
316260738,100158676354156886344902896486384179273841765589824538077387880887775506188325
316260739,20489338398393695924796853252604805112987260125055028249962094944647358794880
316260740,114179742848703192357798250624858130131905061120789093597016089275704434206158
316260741,46569706699432403893338301086352007315462271201481838964194233342998061256246
316260742,15148953354744314639122997924808446270635960247367039967871978165329882360949
316260743,107607345103623376873450551739637762599245121334556574032910328688578957860969
316260744,64930676478165080975732012024001543136413079199711276669263584957434716397172
316260745,7355165777849813312508017957808822652970513307242357337656423186350847246674
316260746,71273704418181477057150687405023851213188800690476022850928584031640637999061
316260747,60046143042220950551211379180347632401821268784830772228249068014544464680748
316260748,16337456546850031608414875393642373506425535718421738204688334417307051156237
316260749,114619771918273955036924072633928406512119130691119232698874896294530573138798
316260750,35628459017321053401296388798705023726660386522669049246457779724039926496697
316260751,64276924837161298504184685054732990356850176287954608076431332152119413608195
316260752,112489408560625669239650823433498874934807109979966453958271075548988177599694
316260753,112416834386622450785446870678984293018858030126588916269310505564298775518489
316260754,56610782689514270550391371319393275612896447536690600703054011558425470790952
316260755,103608076895291612365008378851047429679951485349334075510077232514220578777688
316260756,82976625249962617355827440027235109978445519840238983693337957496426969362008
316260757,77029088785811023765108218207947487644695636960634599708756983015366345401117
316260758,8914630274137858658211449760759823463124480968689177370181976586035136593428
316260759,82309277512302161458237951237480642466411821432119662978280200058535261417603
316260760,59054140352582483036258117479519839762677039105015495663462323186243856596166
316260761,99690404146032407869125302965656982361669931949293647570798282187783515035721
316260762,15119671123073087927402052874876777759776183185686668125952353864065633804551
316260763,61698834909551956479847991408560928077905000141230083772928385566836025762035
316260764,44223616449666740460636245953717088435619530401082150248668880911293926780035
316260765,59842975672485780161107757336585782405070248860889162172560005147841025805879
316260766,76465873588880279171427789607904830645525121471997924888402431010055128222498
316260767,21015948284501561645095149233856867517487536760378311860215805878032633504505
316260768,85929268125770826181761410236656691937411401242653728189099908370923905713373
316260769,37513460224667396668451929632029490834072504784046136131677860845331307356520
316260770,109419304833420537658568785105154130624939836778405312121810946153674108381094
316260771,7960889003505557207779300293741821644224564013930266947827394813722462638827
316260772,92889704244152410072390979353516813911947432485392633509175782441651726717976
316260773,61290486308733811993892881071463126761109992473272873632681915080652839472536
316260774,92011180695898199688442274660678653764741107238340051997337546679806196197290
316260775,79222266417253173881874950997355068199941672753537630874827937034829704505960
316260776,15085394301480138834908028539091974190757303109359003549223964839890933501088
316260777,59733621988585987780951222253390507640333513890215720647168535717017753270577
316260778,67392886103653519724227664444615060479115865146599647705601107654390420900970
316260779,40191023511275290594860125223966204400835958770861926261471078021630701075979
316260780,86583940280633884988499783396173691511948115935972816178633294805525620146198
316260781,40825214382669219200653593182894196779884211722424958976955362937267881741125
316260782,54102620801543388710420494739961795877820725124397974940931386124545439625871
316260783,64142432823716212713215239016986876883775162936516129825659799140473467885566
316260784,24873641692710987206817589361685803312099271181037237004276711474175522326609
316260785,48085953761027123427690913084496773172621495219985512039994048089530532842857
316260786,76825401015653097084249048212713345998540430610773172693264776086793259084976
316260787,97987222193229193976006034240798514860006833433259064656452569095133561634687
316260788,62225711317625577116416858243400622435821699610241381798877858917486136458173
316260789,11869409929064862584236685737520121158779752594594197244496267809975088391776
316260790,8142444717616252111229012470050917438726848057720479793782624114703419696527
316260791,106564812760987454211414591581495706686764458991785545850701551385447113884896
316260792,79328726209790563068603502706849977579847655544044495151676263335977985935639
316260793,26569760512774468447318184725235060601267150069577307356057107762085329194578
316260794,82866018827719486365641417021120472512980871631724509230647307164278535924640
316260795,60831854936394829513747471224579099103280839372173149442396415385687287661522
316260796,59814152523536321829651322566177805968361365495753563787996098487796608048906
316260797,41902787987759313821553961292294389069339886242000371648241031594680444768900
316260798,22325461577476859542595128534946106572882985308812318855584123996295502943880
316260799,33133485674418674098715097158928035640829853049396960418527795646950391118869
316260800,70879703040785639648223517553172999514919580204213833848647340164281507686629
316260801,13312071219934315962222799156299012062384983619223767107827515918838713512610
316260802,88482020697276935696414007268294886316693282317017874894445688739843843954807
316260803,82929927695294032475527148379004535793036425569738470064729736124014642469066
316260804,37027294837486105487575685755096637098678838098789826098583728964496589910410
316260805,66684029333214980479896540286496396855120183214816638010631787359874490852781
316260806,114882082561091713290886162898563558153684441597116106019664915183790437338059
316260807,20026027963723112029348368516544571508222968864908432390878471498533102930142
316260808,23713982859871149845441207301095405021660902254158671131143033599086344269407
316260809,115385887421337827993251953083364689216942636352400152234871981944050810474370
316260810,33390736948317669428055605514693456391309886452431274887578324895652916857870
316260811,47926192003296200755772585629306937860317759089957241307545447531948388251128
316260812,20570559308374638793243956222965948323919526399751841964637539904515738356242
316260813,40667404960137790774063670541814480717943513168369285700199985383443870455826
316260814,110139260930550094600647186181763931046409377538286407130861325860926348968240
316260815,32169744776255449694142014474507738989277345329709875238587456264268435942368
316260816,92016172319723374674639792330238095749905693657900260212825773688154690117264
316260817,38279247328693778800022528670860384550582359291765962191236499578889112808895
316260818,62879411269930931492851811909845698484138715532049434241588502752457614271122
316260819,100912426323065005784345130873164542026786395347447505558669281526297608332840
316260820,88505065631538834830214535211124817150109598755655765853819150224723145245837
316260821,97713705440338901849098898783235454587352988244875547202673886235204910594723
316260822,47689739392571492158351755548004298704909340044389133488845800766248684590052
316260823,23942244920229811894590744736073593512322336057956761954851322823185256469188
316260824,110248376173972031628706806812913322448533150233089209265655400504036621714529
316260825,49353882625001128087809543869548357968656495888132061760787758536478174558248
316260826,94387199152072558741191225430220083842678163621058304242001831592819050747444
316260827,46730470777845970977884963730248080861797235622624422127049875980294029395887
316260828,2829360823163855821104134864299360078345746761164341901707103870998838834588
316260829,61307073157123516406823047506055410136708849939388520634131040225880992190912
316260830,50314308029000095303609244846927222189821443561777134223522882619471695726172
316260831,16250292819014771716526872599729827994412846057109321426666569394327234529067
316260832,17980936171199323674357071669171488163299125951580836060131717212163849473768
316260833,50482958821055078631917820212641348726237311052116464684994756880802508826778
316260834,39362714105760131843924361209492487762765878055748154969061811877908702547314
316260835,85256895131612481518331458171714930965311360468656767243592625208829747705686
316260836,38698028436913519676480776108586844171375108059823859245273091013370210302964
316260837,76452547947413795418963436283967135951692186901541103508122529832512527095791
316260838,83962246266475780735941425799647536486095762756907438184427110132462990896588
316260839,31554409175656827526386758880991506047583506551114668927712612122242364560928
316260840,26301688517960634398517294314075347824728183691230849646713500555912483601066
316260841,64984338570340327009098716825963183220974875239470813928318262484922344136025
316260842,30324936840292662153208717835334578376401606428466127676147164543223007521493
316260843,99117072568063484334747686745237133612602226101609868111977932904921537305746
316260844,65401430619505070956753682102628580982723447916150686033496710853993394917369
316260845,9882411016604533808020760942746552021432989797113552809017523903134090141442
316260846,10782373057582963791081462086293440680661312677363140352297340407332093973462
316260847,37160438910136176274319139113084993249829970024085004026548920802785247326252
316260848,49672586586045046493778892472768510285282999045768667331682541682663730907148
316260849,78148499143073819625509180067836419472605910672477999385504502647741210746508
316260850,62157127331142722846436473012174765293277157443300803777867172907100680772281
316260851,13124987768666967921682699899022901197593882444625446574842525586876072327336
316260852,6660945010913675825104975061277527824765058882605995187923078535352482406510
316260853,5280121589889943548872055971081532806192681075102218081439292455313041334895
316260854,104244567229954789557824240468416323837560777577443495971226493857294169837687
316260855,76554728655140037642753737611346075454397786391046339198452663301857910842099
316260856,64863535085418835740756468817254812880637169384358409270864165447956664165775
316260857,53018739592304294969300902084156860366515584828613001388383517873539249478424
316260858,67000246742509990680432515596525077193831581279798675769128208862750842441980
316260859,79527620505462648125917138289257408304598246322034841129894965815894148510753
316260860,113926753334447244186399858728479041491845136622009372155889868605506567064350
316260861,65479027313557799598830233642294789284762639770221501601685946244173348989720
316260862,113727069079838969848772027014475374063461672575729426521387879725384750776238
316260863,48812301405668518204475290266080601959128437763725291894802123358536311749309
316260864,56545636354701138330452120067566994280727150556000298520740049877774124842443
316260865,6144634914064732944895595681072927275288210843266338528257616694883512691393
316260866,97029402604463525120024237387251346102549998740652657106738769860804297012508
316260867,15256445865687906629076311657031042061647385765189012393126002338446097768174
316260868,55517466450343833158223846960302557475921414246827794396366358557063595204586
316260869,48516180217789167291093699874028560525565144622674021363808129311102455640447
316260870,82462880651246225725317536152199207458748709843711595551881445464562567063115
316260871,37919695691065118381806781673410409099117913131321981310052825036019148700488
316260872,34547553348286887291022406533572504867539615980948850344316756219303734435980
316260873,100005162694178987249524852039075253091215450270661258321035605142757613056532
316260874,91238505163054574810535215800630356466110147469797686429427432972796696451769
316260875,83254889658620668267198152208771599126048325414878798066738584798727553745255
316260876,62526365436068974301945493555160858902849020306432380505872472648993459209118
316260877,6332700813525399253347027749747846045095672560161749453581627047017974118893
316260878,20215257404346544044234100598432618056505438516098354993078918465322110071651
316260879,21694102324798619829783973418546646529096550966835078524153055696404370324863
316260880,38971528521746600866585856100329585964180548400973081075735851756465017137039
316260881,31120271003286110145260804707048626077982455517117817224967019544048443784524
316260882,87288866996707173498227440868142664244335967500780270904198137769704145773190
316260883,56025722973234976400163641518611762291392747711534408268312828763972409403446
316260884,52135170719903986213420797007169641910909014849361458222285889203063480109799
316260885,57473154881685358261036013301526463631126586445916504262760318207799419535902
316260886,50158518946574821721577467429997485213443788125432870792809694716186424673635
316260887,9840185254167104999937294359928693221800352896208364708292648943917277828444
316260888,8816180017525690663252981803464237376622943873409016335233928554939925147151
316260889,110464290456355807116553100437356684080794107062709595217707253865058770737880
316260890,43916707395188907096979747001883164695908198288646397671697946584310394234544
316260891,37873992554156423001837061631247213405241581342700706689628595302414460194525
316260892,15105805832425824561691707700831074806708656854426985335916675702429156499974
316260893,25616343910569312274330165709217226501106969585881097025500721787351098271483
316260894,17659080402279623894069210988259515562311948373262650669045640205471176343882
316260895,28163712898138505750730709607657335515548772747133743603166388114351908855294
316260896,29061299241731970424132918346640755421617762875142395499289612228261691954206
316260897,107686341125310051812879867308333764117598288299784563144079907841423709557497
316260898,17311260672814617117901848632996128887642513169360233661353861229350430216858
316260899,84180083109304028607115306240148647303921155295939218706769697792373968773379
316260900,114481455881182749597248321496912630616246495236370575207992810200725559388580
316260901,90369973002017687115198561694014361307009599524291373408797280130936720699915
316260902,99234226297132431463478469847030311693844059423906163150163695766099668536178
316260903,56074246601228214789514754222390179713740541087572163873168827815468434368019
316260904,62054317156349257708298218250059500498338896412817075500006177947524174399612
316260905,86218882135009759481474219145208753953050974761474741591218099953114252943693
316260906,51935204417370168143225727276084043107892085267817091909573265242446350251521
316260907,93718762745591257725053813809915336068707297741648827733345390646946119169655
316260908,56822374532114908635437652415761689435759754004570858138279070602977400942387
316260909,15522123687588269939202722628723040050778380832204395532853693061050043006365
316260910,1229911267430991356282256494550864153211283877258973432054969154488692841564
316260911,43666866665731874022050814202597678989275287878716337393834162873291877481718
316260912,31497256741820664957466302421736920607711487379158244115871064762815100718273
316260913,44383317017786138441969428378205488221233664595851080221316894815851343682625
316260914,69914893193831065680622075190845241273107041969329496068734762700130617229321
316260915,47791330915652368401108074688971209883667784644988703848120469534869161056911
316260916,114692383929473006756891169415934632662053383004215325315873330708323796453240
316260917,12428403725010471880915717520227810752057884030228372586460428483909941361415
316260918,48234778967493361119600955787487154361224026430117052633051027404904560818882
316260919,13350821169123561699405590654263538220210792042815556275530132763661517593563
316260920,82795599323822005914733040220394900224750379830481157866733225299063262096127
316260921,33269319433243377615061564599012774960967568484316607698924129959895928784499
316260922,1544059402487557771460270668821431606012756815919848189364727018789999996003
316260923,5645075498813730534109556856325075296982162554592654222247408383104412856416
316260924,60026607373111122636207812702980969099448449897207201983652812460109160448168
316260925,59602764464420683372368346187768841576731040711764496745272546299193650731105
316260926,14410682428270327169548599290169992163180317227228574492977584611351185178734
316260927,80131759966890618376285677462684731189361096472026926941795566470990849033850
316260928,76092729995127149815377806018398569894076737715229744015150805658303073647842
316260929,112457558829261782869724899480006879353802576175931731052875743737100903868076
316260930,24016722968041016793571442923501192055998485843753383213428216485056623768833
316260931,4330858303215406632518675543242615051579796667418262236884616214872411269976
316260932,104933119139622828213073903920496127791654216413764065168064506253298813148980
316260933,36821710700554673394848780825257131265462568633896565184864901437620028360928
316260934,33315114792277580767439752362375122931063224087234010995306196931269501994827
316260935,62164035858492693808759688681712796220974792127425198709960233514671423051799
316260936,67527497201795082690970674420299355393857421481527577764711508315058090542473
316260937,45484627064620877597383851260018304295283735889546410579270052322336454320293
316260938,69517093933174524804634905815230444380647261989092065926198753222303972381082
316260939,36409745481592362206593956637699089889801923763383651829622165693658591936799
316260940,33741179198692073057147431122748323321273912465769163785250175232124944972277
316260941,36073271262119419071845221332519735814819453223775533608999579471884629962869
316260942,112872473334524127171392084985311036653458946257541486758553755080703813627761
316260943,43494387936343241868597843427323162398411726876810864218215441371386355359064
316260944,66948663848952672049417087936082865829018970265218729914620910981172123838837
316260945,68081266031689222361278908752414007944451762736110395427597987242861632606958
316260946,44832467259607505175758341803205758803132198126644199422885453271329723359725
316260947,112503220671472838145077280685637029370645834446374398566280206751613900012802
316260948,22016519126512672846742299756049479913993544105376733689990853867869270184604
316260949,91057969002633592050284211536972938567080239428797616239625594199980608138170
316260950,59676054612856877464935699260229748898302291220328326883328304896214830191211
316260951,104688512177979014931387054745520299411797921189767750869183668045925662568549
316260952,80617784546451737921155213877986372728495707388754883434352846312207955266907
316260953,78200279155758723861270328438882832671650624863003751890696416649953132643314
316260954,60103393473186694276757357404500478706855784724875958195383076142213287132412
316260955,60835489178549679132840353836650992741332507819635529835929888797583901686413
316260956,18315663610931785760249840770826910579088409194451596719299666602341858566233
316260957,49448185808457732474099172037419801824014530760096239960692814853453375529056
316260958,66288068408584272012320374201846721937120925881074186788455091290256583934716
316260959,67880627024559356671166132357769214390903137931888706850115574766601424492392
316260960,32956279650125577999245194184402173531823680922117462108632456744370131234712
316260961,30758631674093680268887958841403708851468488554399703416149865227124104354558
316260962,6417256663324587919616337449373343932670236098236781580572008635979742985232
316260963,103474424023323522196926216780762972508160474825830279205576918155401276785257
316260964,103921419641591246114869469286512858947099121993057822101417297843063419196748
316260965,62789123109740774261254853994839819425490056428234612452564153281038916569556
316260966,5198996804370009372937994435556077008085501056169975679357984606512446099523
316260967,84440201222388820541890437202281178291067674929506904081505681840613161735823
316260968,42289159482511854279769616033323131282891390398130253923131374727040233838636
316260969,46926868725079919774140202616639422174382102038618795866365494601973848571795
316260970,3783930682011930899954142482847594127322179044101761190991272321289714170376
316260971,79766353210877713839533204397076397507014865787312784956585667158013310653110
316260972,105735022175368440513444072388443717613251014938044812761257467878863342398856
316260973,7095514671918925828747333015557976400648358623889194979141995168972385882986
316260974,103570577996885983508339176071654373662223862402285862083160920165165267621278
316260975,97093429229387849221541638736343894971419679503160699724569775187549516486212
316260976,30747136661387275324834332140262392573697410185713559265723425006017498009548
316260977,39580220432421855126264356537300085875316671991378384614547692578586568783733
316260978,20729574981166301750037648537524493438007190552845201267963110410185106148265
316260979,96556239867682072334711881795446892392542872008522452096794911114978742553268
316260980,54033574787337688008714066875853218054255593228242369091116548879904056044612
316260981,65479064635983004995739472612636192001781129188190614859096616756802519690141
316260982,60697834112869398979287098271817709816994131237862009397332973019746924056786
316260983,49899734923999809921461580694315703219676031851936734003602125169437745586841
316260984,39480677987615837085517924323248069637731640506898931282045198578090944686292
316260985,94592777342945615883743007551957234754218337379460841624057762975066424560004
316260986,95825300962459148274723738256322170059799680985383184625413402696645803403290
316260987,5360047181431260897997677519568127100465866045485817831626361025532002926501
316260988,113755239880300442444693950668368783889993663365380872800485002338670323921120
316260989,35963964121188149008663283275277886339716556051471003056938678974522066745919
316260990,71375130483299315668386427598962754739788519539362562226687900030767726141815
316260991,114758169837548615023742161808085663074329549748696143535160617693130115536193
316260992,67107690373109715895584506389536478547287554645977181713962884357463205341248
316260993,35462987585433987666351867980873657388821690065581268297107597466963702164564
316260994,6797558109141064646229505995991934648681302639477926020045509494587997980820
316260995,3284577240297679685030254609154548586168290810336916227730886495960182737633
316260996,13331268586452135282532525571157223659745007712685202866864459443177727582812
316260997,99631701668000326050751955912163299417925728906049657369576705513353681086649
316260998,10449658330144239313934630053984843926822486643076001808610088171838416863470
316260999,99711781091910003947585816193815576436195423205076923170430650919325780753749
316261000,44776663417691236827661165498424801021898414794136454217409810284178742921048
316261001,12293208938731161819338907737911641162135622146207453241697099731514730923709
316261002,47615576367515125551167112592635320103568390884454041840609655977149508203102
316261003,66134140521698327648552204388165576454563261665522526585705580241426433870953
316261004,68031948010002484813553620821437577985888717230414807956342093536856646925927
316261005,80465407005599804483945811799927353911686146007280916622289207921000707868139
316261006,78081178435534350500186438122015123548907482173110741871507005064555632730206
316261007,14365462545347094683512358595605270723937733014779386458337097745347013968727
316261008,86600093261037171530700578094128915871445957357285206038779674185465094391417
316261009,6058857131449502032199675997300353813742906588328428215629017820783286071405
316261010,54757698447867673398616067969645540427271864771758484306127268739904389374157
316261011,62862065288187134008746070869198999436010888371961206782194254436577390820512
316261012,77099771233967865608569939963063793990793996717191361500335847152622284218409
316261013,57887458016188154017496908904560291838417317925479923769634049157477446339865
316261014,43289936960537526403692080165843050903110386497906055836185014565317481783681
316261015,71609770997447175418847301560053733045288525064416961744977987606382367295591
316261016,63982403948284871988244559969839729288020580495908101323348080138805824797777
316261017,95408354348392786060376408308443713532567658105637697637909608195150548875967
316261018,9962326225793997465143938036603839448338327175841315063086859044363321156814
316261019,78513694498887147056266479931714658098563683279594085056829200676512096687509
316261020,10475295853186011980384821865490734853854963737766241303865611574764272892139
316261021,15460856679018502045024372611004268405326004539053438749563591839448567845868
316261022,110075301472300618481813390897049002601294601000869032656419879856904681478734
316261023,27295695161978134800215619115629237564880438003262709526812158328913959546398
316261024,84771262019715933523889603867960306845441523934029704119873554196568156243101
316261025,103048156010157050972369216311119581647404520289186584837530386349848928454481
316261026,23260055257378616154450296313603842193325405438851636836348696850522694681235
316261027,67099840807135735172682193051416730536106829940851105852500769148826961956614
316261028,65190404546046632233969182118134414281340572294093334307406613128500670256170
316261029,98614731911103123418732039998680605121636622677764386540418843053290355760082
316261030,71503957146501855439417250114288037377931548929207275752335005824050673878707
316261031,106615833998741598755900525089233767488793156808914506548785692646955997369221
316261032,51270917842462634919310953062209590252269762456217441814176016396626269422983
316261033,104716654078026059513436415063601433342923116283199241070101056043905969545727
316261034,102436163522128184946973498595964248683700258542435835114487203923568265692848
316261035,38788379208759892765898927339450328410585255617212267986399976256071647789201
316261036,67003635553963475483392953951643589522935281247918297518661190577909052433290
316261037,79311470549415767603083602047770820877585080652122212701995504409297459989979
316261038,34194091665108168992480712596527377104748671778574962599696725397715296235045
316261039,82942965610479980742662130690801613184345022299966911259811127882254959902560
316261040,69101938539211405899772949109068075409647528824128503001507690656606890550998
316261041,42453683341022141320731944315215217339053571161191660638706924803937567105976
316261042,93396385920806379643411329572676371424560267298627802129580650126998926067544
316261043,69931255661759871948000610785025751000002055991411835084990380873503557154984
316261044,101879018185022566849808082405060751963340411955042682852602145896497183947334
316261045,79421474027361672360544661568324077328848967766712696099895474860553154316459
316261046,41861082662283169078190070040103650860764655278707390367746469035599615072170
316261047,91487365634971433955540060812783727895794504112711378449906275422565653041163
316261048,10419980632550622344052143977887894774498599709558391030906368415259506138465
316261049,71917448919867857873019839223322231268477229721386288270629816021393363974678
316261050,109346981036470328114613920978819892154955920583777662559081061606745570372762
316261051,106413116263399238884200136613535627280940115247818627754327163602875065369932
316261052,54651216583886661949531623172705483409528417302217896923191696799279582616159
316261053,10475163777838452854545637414323166525940444691759027919704184278997939388574
316261054,77126910875760966264553846732493702695908749315151954608449721241423899332338
316261055,62704828223079903124869707569541652435537685109190464682149712849661456524063
316261056,33270279357643863852109732447823989087017640307293693449112220702936795879866
316261057,26653348276444039844555800828511694547407115498118829339745980877074442295669
316261058,72725532698914793102942605786171066872659503014097919661842272289820099102621
316261059,74833487986524033535583581827817032650620770146134121002858513110763590667606
316261060,36260899707794846588160242632612556869626044629810221516989743064560713440639
316261061,13856031946395102768957633927117031746746895273620843355183042629927021314106
316261062,14472759094680015990288606185435823480128310861630527547173743953145980883827
316261063,5782984396400870506598349002552760201564247282384441908096770413452344562937
316261064,92898513451646131854079479489034431969645040342454569629573626831249248106918
316261065,9564683682533866168575607240833819075120201087803677274578440051032012109356
316261066,87698915597832506685569079701108530195016020708694609149839644220572403428912
316261067,99792723884879780065890983079972994759988931805830930461721231822300363023003
316261068,55811890058671239419504715662203793749692993960515758768343164646023708572606
316261069,57437585921522203207915103146565139011673213896570873283203988010075155292174
316261070,5378449905307840958517943709883211301232955633743195095575844763473649072573
316261071,40009878225955704370538027245527964066979448571680993947657298866163709099443
316261072,113579387220277278489473430786816499160989958211888781872241920614536010282266
316261073,114676116323510766498287898682897681724654877764045059160145404319114051758755
316261074,65114938123839305350468301096223338038899067660973288656428649565584855324358
316261075,6850998790289029711035215804908982927701485973062863396574250100976588187604
316261076,11386200821847765133427601644461336982815094815981100336893540452607592745716
316261077,37352285848070481411312321780427192445268530210298595454102975337831425194594
316261078,103988931719927953086036411553028280873883921335185056561379827803231175661888
316261079,110276757360248359015458792852436704293358703815812754708889017045725979222301
316261080,9902823152635966483499817823866020979021159344980883987647549934781432289372
316261081,94852788713440486544404033361439736985587043699337868522009248161921101133738
316261082,24025548347896419103537334697412179696562752755611119676332319898219483932242
316261083,49383904924770394780319375789712121695448143903007892564255370224079134045526
316261084,64156107844157363219912052140754862805472177130446406674813942086519037310788
316261085,46700610513969591201652204367194083368341333300507354751245350795124714083129
316261086,9435776040676083413687406205975925561608331790469367411803657753636683478067
316261087,113219337102767828075429512444731205038224989131245759526961670908238041578574
316261088,3427107703471702441525316533776460606894029095685730658704214269008515783433
316261089,75051036411692694521002614685140686485203276690978241250275182649737683231283
316261090,68314819878398208748249977015501306741928586571440634219321065766422016423748
316261091,94731413507107546758694695100107530408614796811600247053736792068687815274014
316261092,69722021695867368465090006497371467892735826489673957343301979074593771251654
316261093,23949503329535847971254145728302645138248202858441338577096692228011696715762
316261094,82820371542943622228792077420228067049802389799505527212598628585643188863676
316261095,51746640113238321835828254259532858640154677056931493097477250606580521969049
316261096,30990978745068367191142626636912360148308346415281118503594638920902439803578
316261097,114626548924183231987535357103756729102224078167215835079660641767391373081234
316261098,88837045956079879452616974364296358833357648808293498421604288869063603847151
316261099,105925250840192692229050749229666412129758544964930459676016132663842485634498
316261100,24101100585432661032729296416869242575718252816196907816182968094930659539531
316261101,75489875645897601429919073000813011620654666375054454381061185308350013119783
316261102,93731800714991989796657160961002385818524007934601163110318465698811202302680
316261103,68832250746473877522822010256105641522332475853943764668839679158638816326315
316261104,41675901407727974398334136573497721834454868207665024096738583770479497042273
316261105,109659057279943282471600556969848439191735739347242758149161147346981539298120
316261106,82821691988512426834319053188967008108127719415285024685491054841202094585131
316261107,25140953189991159157787920901851794574454980871682468913365487432731681239250
316261108,103404165655042090073427437780891395260313918898972335426331607396225415147351
316261109,82126358351960412029697665019570756391720346616403194132611499091578787613320
316261110,103057508346602063900695674058088934310032291308616533014710544923606531151
316261111,201992309345701318980477532580891643543057153615713362493180900070638827986
316261112,5651407030173540621071284380144668187344097411269999146129195569187090929311
316261113,61144805548206428659624210165709228413634727898648646001825468410686215938178
316261114,23140660528436302113381744188157146800928845954440598656465139388370157682124
316261115,51995479085986659111089545526782842380713633335061768742078402117406489302177
316261116,75615938161920828497502781834105430153534248079280596207687918738757856874558
316261117,26952167649543261879185547626405900746597808110883645985831713702696905873100
316261118,22260817116095860851986128088453316881810366656533346185180058698576200510418
316261119,91589838825367141051888422642634732819626801477550621085719682337724648879398
316261120,85156404764361408177502567567067898012923386121103731371108329902128229505548
316261121,46923727095950651925078502496892865628126144283412269078759750985853136092155
316261122,24956625404750080926307713278943700717069057596032527797953228042571554234191
316261123,28944801799365626864325284672734899720606635376396935246721012217437520097507
316261124,113607194654139447182646000156594357273507662840813567846395175523546718682234
316261125,599680684570896121915511268848688820637813268776284630853956000918868319671
316261126,44468810567871934031555833733055771085555016766330482428402133394783336700573
316261127,94653632718012279823586218731864221447757374530477012319747131020351642244659
316261128,38035382821968964923047379568889529123350444310475754122537248108880225336757
316261129,115329290742726497864926523175364026399379376231781022686986290165506275213353
316261130,51701642660034017235149045408189286090967950339078397657350552616958874359933
316261131,31632664849822200823351821785448535867238264036528617345839662523755920410613
316261132,69461589601161373442409025219630646586702917916595557316372692706285812027227
316261133,102200258804501336289964667914439367974960804676815064481154794115694394926722
316261134,24640017844925317289196801031837159136273010814142233414379128864305449620691
316261135,35682851065889238557922282197010863132104522880023949263990907387198991470410
316261136,6579581552196674125125582071400351836175730147397913068950340603939995978993
316261137,85871735587882795344362751063077090019316020544955368933776437040799065239506
316261138,84242738980845833492271429894550156917120266998981562416775795914696070871466
316261139,26242872777846424506138650666880942034777681317363996419072560259678967050828
316261140,114167859793473862928865381261855126633780187996431433572965830409393592519369
316261141,33111811373122248210851901251137022342053457563591016153185641978481698894588
316261142,108697851672741664752368783489327915262901823388398952562885726461828601196664
316261143,60363899522650293891965705991686753445654814064258179333337156233000900429393
316261144,86239873369568323791482061386558281379837244803969361613592072461985156032833
316261145,29990665438822184342483381525278067935312685483143425484626900567504281543742
316261146,56180311150419162055003036222454511099301868286097834983225797271301185873858
316261147,86836123950555785004983454825295780473509027867070488958939601199177237292998
316261148,108337244911136571963976758048820731534414824382585576605593741253689634917925
316261149,103022051156551623868586196335552672592980293516974395170256306376680922602685
316261150,73463751393378501443748289452965841941891462635310156340527614801565786164360
316261151,73042266530738596684993289827834256741038868308248556578343945303189101618083
316261152,14130143850226983921776197832743546161142560955691147759665444026775553731882
316261153,53425336177401376984794907338526276426227180866431287690745404433199796684918
316261154,66341647295647500222351563474284177479286991196810002896026692952893477230834
316261155,92828805160829341414264567938835677745206295865163827187919251892047222330713
316261156,112133378325547404791653441901711275670943479606041237217838345068825160769218
316261157,28069884620427191862187356748358305652726544222182779900295994831737645030333
316261158,6743143511933003328124351324646090012463775649563511706443959051347709352532
316261159,81095015697920929771170029633348867130068954602979285388924460232872135004506
316261160,18600658896866082742485963275830080203897594379199482968144769322031515435864
316261161,45476017268657446512595834368110195671197810203106322796301611215549133663820
316261162,863814449931331198993855392653567474290422834161442426949345898018488111667
316261163,15448907818582948849460083194987541503725039664310107188869433086183368782949
316261164,98718791554247761205909589297747764016058580835006538127963155167182583914040
316261165,105511782551881529287409797903891068938918393006665524879569502497397654492410
316261166,84120118083080726931596368258002985739437643778731473442856514780023610286182
316261167,69806560692312142518868128581707647449231419683937151335637971640968808095274
316261168,42984073216497361497579819342244001467802781508845443626542730153918425239897
316261169,89414886812842088477064915152040031216770704119890908939100648162498481586839
316261170,26497699388351218251480100048133121392334217362459992762113555351306218979834
316261171,95148596586353286517936999767351501072101654564655873356774550700098108541051
316261172,115171062768604987590159114641050139759688925058591822406058829915718754224806
316261173,21746817019134294900016038657953775034752636429615988736638657702359670895720
316261174,55765538639535255461433758306006668625714958056891494248828226076364757287777
316261175,1522750556585967369047253175782325105637906656386009846927845109652478863176
316261176,73368213065298705472749986098724771549301468661415153081240618751314539196165
316261177,1422892359754392187795076395391667509475837066191539738384801195662158046141
316261178,107425423516136019964970637424342092204370794292936052225419393705659215281885
316261179,78296793970795514938534027422525968470548972241859863423250449887925492184094
316261180,85862031844383567187508978129971555756209977570865300821708947726001316206081
316261181,47068533930837452469370292841115113917621686270977760355718009700692395991497
316261182,101291530901285876597351499160117986484726803140765715399412494843185170075855
316261183,56448331319283407261046214000883519124923840001311198390747085459214799043873
316261184,104644820960309349346445905785387236599946083686857399675526462816804116529581
316261185,85694521234807834307141068513667639959787108284282945483890195765393166233862
316261186,71353727425273131769531941022640914614312821607710231407313149107987869389298
316261187,6273252980965625490575607933661793035143324109972153714088108415801875674659
316261188,45657201552559526662298676829236744801893557057727270003157878088011956419199
316261189,101777930531882636061595847816117869421963370112379809096962287208509682458698
316261190,47219014257316729287578720673385898850076840448807654933173817206563800178945
316261191,88769573233288729327861943886741566755034205835197751148997362466555263017800
316261192,10633538241071919259882003826018768339318052914955409879371009963264672838872
316261193,107364393297140276808701820085841438085186303924573488951462395605876646389931
316261194,38047625870861746483860242396945188533047935980130160540339646754401546579321
316261195,96088156759072427511979302532863598852418365453044429966081675832484735569154
316261196,79621927805135289405412258988825381143674247393600689839465679790556825787438
316261197,3062933975983376217830812883663364079195656587661139356291929699629492393250
316261198,32328448022834598057611655719300804420641429437775120611868886060473322589362
316261199,107436255167976165245424658877342638634429187250561952685079375667172336003694
316261200,79342480462060274402658425619360526972746067801949565701118010893060169009806
316261201,77613953126238504979661420100770577145003222861152837907324334496998225779394
316261202,37990194966913237296462273438940369791945508141888878805230435000590965619994
316261203,97924229491291473339421543855923853058137060990859560172863554484302711614702
316261204,46735482834012704380802046127851700125104939976966669759483433058336816363775
316261205,42467428144568044326545094246873217932352643858620859665778293769989291830097
316261206,76226983415499258201997972057877557012850963741859727491807901083781782312482
316261207,113486382358877132515492469530950624848439115384523217967932889451277792149016
316261208,45424634848352731081273139679554217276340213336652099176225758170244254292642
316261209,34680241571249288834963926560004220531030099686493561621478336007993442436521
316261210,104904865867243329706152499090662008518699651891351009207280840566199118903643
316261211,81848542950156009688015920968176223840400181033648046500409030395314801130086
316261212,96842852944347611940682534612234949326178131223356630608070318746017297354117
316261213,96799413809293946305125426554289445213273539433054474681458968438833605987712
316261214,80305120370441496401265234416069298674840076786996695406026484861847423079548
316261215,69792542346888270382142517876064258058083942794940203191777507567696018935334
316261216,48262177016671330141675714737024660091971610186319835166805270979266737066874
316261217,94614359418494743277394787362240023960091895237086428605740165784031386259060
316261218,83377688789162288352790164163509605035382480028337414054048336854842427867424
316261219,55547435242356837797617017818504681791051189458383001433848003422081587702088
316261220,108434006344884733959782767044643624826518494462827320138225190092356450659933
316261221,59168182032514624872892397588268818035412177623343733527891008112125257884234
316261222,4817332370492653851413601460346843471846190414137683850488573098097712757435
316261223,72590873699673949208154928683549390528802149631141299811050541999103561045598
316261224,81959364295812351785192067043032627204947036670929724860640663814630193948683
316261225,57533027836675122487974245674143532659379758471192726961117004476490963113341
316261226,104939811769510947368997317457733312921895587396220227895976489502457383253929
316261227,87798601685005478605209345565575296465501613255009606618358117316315928798645
316261228,36990926995385666881254251762475594609127795585513774686576531548026568775738
316261229,66155614302339243191069141201661003374450764464465374852677460154723129706023
316261230,55908829534097363250389866517335557156950863859661117505736973119068191249377
316261231,21489845427745932142964700156427572796898681322602427017131397141989812922697
316261232,104849967120683541556524170951392912455253699163911192227906185912363323378008
316261233,10256999691524876117935701499216648160182067861913847198550730232273228003013
316261234,87587748414676386202967388317933867066103422134117694957103527913520255674594
316261235,22508119865144686917928796161313734594627121719956418130448660438030067790842
316261236,74316039552880829012445586844198809218153706130058986007385687195243884332305
316261237,26626072381832751023115788556119080613174031620899743045471603378425719596802
316261238,32478050113694667245663960943541787543563956439987576752756263689988946628373
316261239,105919850209118890951998036691549384305029011823589891283319708177373511241097
316261240,104995813808541627106361906092405171047658121054045080806975594830312266650461
316261241,57220169505173300159123610718158844351468468522053491404124917826782435288645
316261242,48529978369421841295604770505750596820030445617506866666219954326677201897834
316261243,50917481329046977974753802208142843093405847627837572650232160001475099657251
316261244,19742452108203608243783496526958666771213094377690167683174536619949550758551
316261245,115765683414024043143087503896273585147652256691956670171695753293944233485063
316261246,100674554412618779343447470487984927220305982598155949559062804278523924488613
316261247,87676691971160031390412681145062828094386860749221864788678460437381136120341
316261248,104024014906317035989051331499702642528202327421596790850063480062498360090457
316261249,113537504570452616930191016387321220820491975956668421661796877719147152624448
316261250,44126384367450347536369816067469550024769528693954423935834030464596689621473
316261251,64226886491521273323144748618284762270491643523211340822313080822776674844486
316261252,71924787208823773818943749267665118111863548344779009996165484556635918999205
316261253,9406839242478848184941002642378772968307638345519227166706895484306355296171
316261254,2258218867801725320006709559051367079306016096599419704988914562142780998914
316261255,19197758776293849812464548798174574340967071923740437169942571335541709559183
316261256,25750600647283594436428027259889992172718660980145952327620196501030822848268
316261257,79753187223981964648399829397079458955161102245457363191554992506434278670903
316261258,13814031872782320816440105252959121472069694454201460418905063850629118395188
316261259,19550322855425635609250426967688730612538677360899226842982113551226442637170
316261260,75378536319127541584684625551535529187023774894711257692432164559642242448846
316261261,72961035409822803274837732503666513332695309960114008284708154968854500302807
316261262,52405587342503643328143937508802007672804696777835302905439607740315660160897
316261263,75967418439225559008953906642605492117557074955640859934747638717489295065171
316261264,52719885055095187462904763955409287608481016107622185770216685165943468076047
316261265,10950238176009594862266031428809845360239809913407827218394855712208843401890
316261266,33062522926881837538144070853154971290386874706710676721720243562256756757616
316261267,89792133590116724642393608862079839040455653604291683809871061831896851769525
316261268,62230842184502915696933144574598764736346417452942030836640903913529100904776
316261269,99853756293658394621807823849344504167342230459100597948636407142742782463036
316261270,110187136447256908691128512257132008077846003216898415028840842654983446619529
316261271,111189598947176501525984549362189907212980057019792642646103292914125600190203
316261272,58418610102548416330133812636605949275897737094163088912342605254708516522983
316261273,10147319766583576618868032620341836703411606833024078997989016841924100346187
316261274,61877622636748158398115509062930985462517343715370840114066224048614202117338
316261275,43784030276869895047041480877463500299639021099422415086163661386768983825728
316261276,5534615973980518917010979234944468606214393673989348348109732058076477495513
316261277,58831916089662852430315176154915222697533649882156465243753785155227656049032
316261278,9059905604799739161351746630361810751516117034811179691638639146909449268376
316261279,113965066239493573398435828116342780982322623959991958636819625436065929564667
316261280,14816133773747467908362119598796437418968014876622732020773098735912204876736
316261281,61372497870242725315955685478496613382985414638502069739965730616571198955211
316261282,67235708592506601821745875790514335493587829876119046287771674512088170650306
316261283,14505235847642223936463770803360769056006910216720148979521901675244980652558
316261284,52570258336631307723971309921834834686704562434237046537034834029886617822035
316261285,71877749517065302564182084394243773275038479233041245341050706177503244676899
316261286,86410116124895290627816860296341229454284793874794878406659199685459188942901
316261287,31410163287244349150708960413980991797219650494887652699295329230906295225131
316261288,84087199269810022527756554916142725567156537373562149283230426959922253380111
316261289,15160215463475488214232065733325839951636913510865398056494675553919604329673
316261290,73758063507897701080546086911536204455310795723003883094329012206975267879275
316261291,827850656738183264615858922092714074799671351246156017962755727157334392889
316261292,10325020733607825400096018494048646861926709187051822000124809259184579441709
316261293,86258591748886234104297522167645490962560876496721267969038766406064755498295
316261294,8232650798163971644924665785416840646165495043033855395786391505460673981514
316261295,4776869484518143987974963705653528567090480361979028903531967448551352291275
316261296,70051210593671569841312623729740683444605676737672685382981665347435473893097
316261297,39769026205963776120065031386802817094105109910960063255102174761925627536239
316261298,52797327770997902960569922956621585664481529483818417519429699002712272003289
316261299,55090418342850280810020273641490746219506937378297286322547597803260138022985
316261300,104991711897500151903330026514234439335845654430530226627510842292456422358404
316261301,76961957541880122701306103013667113714143280603516103060861548907968820559285
316261302,14238088430506803980930908782234673410367572110441858395613384963518765500764
316261303,73771114536386361603592534268727757701648455864927593665857569970408418432059
316261304,111791202063199395841801341615476441045842491840911872613696583428924743776125
316261305,46717174229945240578612272525059875796380233568124911412072222662251736225663
316261306,97358053665312685156399563013815632042872538604240890781069734027933850661392
316261307,32463066740826410714722013440271355485002746693159763206840437508161612293296
316261308,18497636832235357955152587220819576421248593341838878142281221536853884782368
316261309,13426904210297290190385818433241331960487078006303816359029078268166908301775
316261310,9212187553183405597336223431767738407240481602716699168937639700981943704962
316261311,8633336247722887353273437603673874732741597104537105746243207416319350347403
316261312,58252520310112931425104797507756097207807361828315142356055510086042264637879
316261313,48307796058231509936698473349497034235701469924824700951017375534206898429590
316261314,77700292183940363209325203609584014627298644178359835823133776691004297955457
316261315,41152309309784150404048899295612598663307536366048645235025736304585392052204
316261316,106375859997298985218199652886271297700637283661347753020361742349934316454515
316261317,82557180531215779378458182725756599616987455315585886740564681421895024169696
316261318,102504023842554336199498087921935386735492196599933166292850227609154728518267
316261319,113687882297537327193992991137812811847275914276502113200014012933088404234993
316261320,18088660537370959070490655079044957040942803256209070117108796257203729561939
316261321,3154540667521120958409203196647993294204759200613391979002208273768768980911
316261322,62320023946330579891733293256688488883096515349582399742716430707904502430057
316261323,70873648066572381776670152555537030747149549698735842531044095724262015568488
316261324,19557696164272879463708064803132709663596733436149136604797642580486975416403
316261325,84390368236076317115004826560765608211872774500434713213418206574246116753663
316261326,33325190157990115958927114986424863873591903609281094721955764079321539146311
316261327,89307266782267244753704706139070298328695725767607826719890063282354054983101
316261328,59001605916892159239480086513906468304605299605931129159818528579949316261913
316261329,2505935403869154926018168467337425650881134057359603507177886464955247040118
316261330,38549226342476046892242792154570841555166517621805024097868282259946224752584
316261331,100383316855249707712771021189336137515446969872909032863466935598186111618633
316261332,94968976323673082463165440080058423909554380192735113184270196856265577070075
316261333,77590970533859262978549020487243819107346792308583216290690002063253075451371
316261334,32444085383284274780181522913110760470707510447477103227947021323893408032336
316261335,63912860901495833112065453828984307530231735099865825435181911256634946665374
316261336,87297544588931307991131884079426599972482260203828379590975551567066924213031
316261337,2186062770727154970401414153718492068976655782626212335901114341489211024970
316261338,55510246925906268622865719049935105553307103769537837375880338680336405091595
316261339,35613399239854053564071336463489567922876393575632506281822272117045435615636
316261340,81921576536649218861835442366083878640226253219772153710207996759631812433498
316261341,105582591418020921798116855468156949358904146099730429896081320017249373188588
316261342,60878307560205109783942573935137022208110434656823774316398633281170392840948
316261343,75910754792532858631907824510794906046389911336745964932927628435137842787867
316261344,114905089340188227442730077803284756753306090354925778443277737422556674632531
316261345,5109613730239942371571533877813701131937556476487423454978431394658052586488
316261346,31869402215174363462773203010260438310992850331714052158680249800736118774083
316261347,51803042962150048658225966131385900412083928231039579535432996965506575583157
316261348,76127228976208716544511686325495589449072207338938536583032392233917344546128
316261349,30022764403941158412282365717560669965926580610480236406589219898284653940636
316261350,50552786957660514166656207855725981453216731274128091547465633371900688808269
316261351,14017287416409357773794225584356613605123648444990923350625162139923264638015
316261352,84764880552031487536089811573072751630029515056168388684111966924223604388479
316261353,98210543393541810241971019170706232716355056525710153686666463902752563740949
316261354,78488560002587212026340713707040662348123338684896561806476528978714462033101
316261355,12623849105325832903605107147138540781751482724213389104347643229530614656080
316261356,70409837428097230966412237093837740158114051852811278621751165577620575423068
316261357,94255224189282045128854952346207033332385494902472363104594283808346538679708
316261358,40502714545943672333303031690947911596122966117729520020010449020550385122956
316261359,114268992232477135515171574770163307592421305516262743713361783349559975147056
316261360,86864741810421749097184179644994429745302054490671572323965294950941762741581
316261361,111809370288102609586108986319955981230886655515417945803286351940157021433001
316261362,91752113769078214476346518595386228002682548393052913959148660458684656826861
316261363,61678543469126527806873146735138684841983355404919264753038150473173469033509
316261364,93312629338681550143488594663259594319390547643794645920471475320188843392903
316261365,52738467443577220361924649955249097589199381620997583767769464067558497048744
316261366,42309939256509431918891264864240899547075864909880739106039596111835461231140
316261367,61596248639765522051991937960680450901045083448481259234443767250122246696405
316261368,67321087747720384840546420205740795796380234800335877722151363935587789898707
316261369,39592667973693295545270435546914747813724721170979398884598709939488228763904
316261370,108378121837481047363015809894150389439604967429918127642504615498576263834821
316261371,46314457524212754454766821086617260414677505438910241293905435043974743820313
316261372,113838848016715697207744838669159250253621444903977416719340564794658552781152
316261373,83139632875566343218695482126480316894478786205646931892497567714890065241120
316261374,89406163456450964334574764366842962180030540443282409776370000650301380513886
316261375,49445148023991831913876888051508705498407003875481259889258637495273033863979
316261376,79541596634589596497628843331166511166754311693035887495379650078035600731553
316261377,92977425313957739012456996398317128457904439285462800993883023745579543467807
316261378,49452495339723820339422432681972816663722874031463018905131351757719990797419
316261379,26677306579915800225673427864715578056616219257311360676100682658210338043466
316261380,87666554249846425118826279192578579479191351108492268060124405334234823839953
316261381,89733237250818618842852819331216443653610401624325088637696541256117632472391
316261382,97067294392047596142772228822183326650063853354741979829396314456419928791057
316261383,98858263892318996502689509676742785399980682617812335551140589460005958707793
316261384,76979240737969929627906319369933192775626974370856840174012684820992958333956
316261385,7483948152796626051940857925855824626606887930370429725036319627816560694969
316261386,21290956508741343785266895055692275942236782835194699233024094885469752369493
316261387,44369057615954186933669606743841287172052691848036540369586454325358647027890
316261388,82348540875908997238188019991134731880877759044861497092846550288541317609393
316261389,61174364442190171112281439417841913109172926023756226511848206879469839916014
316261390,113807013124567482318707640781259658049710556810615719554756535845851062636453
316261391,62198093570219360852805742312778011371268007743771052891197060226454667447284
316261392,69671787313951880456631682303428070106403863561748172841524975781276124581487
316261393,95430885812395809842011099220671770343933332556246926862058515720095756452415
316261394,17414853432876976932608832538059556617270778882874464712888843827848391109177
316261395,77013521711989406530197072013362583872911130800547945969280540473565139285305
316261396,24420658108706917688685479004374035686037577275987851419642461454858488037626
316261397,28006166977866282931525347803257074962202438779569110484212883072338215001990
316261398,815980501981364849910437607834545873466569626831215891345152045274049772787
316261399,39008479638560814390672928557689589835202181720862902929380658950008287973929
316261400,102601277491383595978534041930037114977688774696885104360739868932750439840466
316261401,78075219214469787363664273161132298026221821423577113746075896241704521737257
316261402,5562427555904308665989365420552765877164644684743398989238349375704767712470
316261403,22144678330590663419684457155239141702803610038153501156427767073167914063809
316261404,53645179143373416017686890404991757331392263307573238158846083129585862243090
316261405,104508140474685912823164998282116847399964472994254019922612827378767003918255
316261406,39770059140206168297574566506812698377018371024735360192115411091817192391331
316261407,24206645878129042012524537484544244981983470056680765953610816988839656448105
316261408,1653478430431905392280014677310309167560445012969402916626681805912209100618
316261409,73802361903772454801862758459370838029419981859764768583778692393758929559385
316261410,8543808356857030939093101198024837310664484567879571788632247277691069182178
316261411,103678123426104501489437958561427955390307185941181440081903562423929525420396
316261412,30269170885958525766926229469674440249751107051468093896293166749861410449161
316261413,29329299740472180186249733941527914185577384241210861475189566507445991805139
316261414,90776889504805372929176551771367719165303074441455661080064150836490593271223
316261415,102281551927119381123467183835930321812313214797181909052912545345554964224129
316261416,7666130455197995693417493127212952769598643287756931873754507718315397559068
316261417,24605761698996607945088021260447185556284821022800977407556640082907585702451
316261418,113782870884323222613371862382028377320770048456351934534480854140734277362645
316261419,50912681521381644988659759809778753649583426364492744990420371255228446415890
316261420,70810802305711316988251995138272155815264033894640621309015163711572699934515
316261421,100134611140441277007250908149540656173610253186849483685740668923282378244247
316261422,83158978314044293117697656377094781526998643530552758650645882741403646997392
316261423,61118580534261184297455229621773455693369695554829543186921380301110408506002
316261424,79998165995285818823159685539554426192782142672622947283826024115425542405425
316261425,40258744358234972991987990562991992474104385815425937838469440409317015611699
316261426,67712496453375389459506320860789435411557426348755782903688838358244258136334
316261427,89396709727082449652299523748543862352383735606656714854008767564186321908942
316261428,3297739374201737880891203245945211639002991675859545462597303826867975281622
316261429,4325801527655277812424327127122694931169325667342793551034374554847480900014
316261430,30559663881633076022671895288657255211729505552776278563811105812861733430573
316261431,1922833802559435100127936762824304856099776635385908289203656553727610478659
316261432,20438155358474905611440570203684983197667023813065223669390092258316244467717
316261433,47429741718867669574844282547655585327892569336258161880207749424850668827251
316261434,97865286320085280760677158571992419349511694494543899005057849861684016322174
316261435,51589904984647959914415279161334377544597419595253993030726590840673450752071
316261436,839667702453518914763688934456656748896204866802596238093178011407161385944
316261437,40752768601147733376823818817207057981778038355607762493510882042859418577738
316261438,47934564031230405637902589633041298858763542979577237764247193640203383166262
316261439,107718213668323805649495595271781079722308621879153464597518195366290881970013
316261440,53229801799909718140009968991872713815717842088312419621667236340729761447023
316261441,61406112795035864254932896847927051452875713291847440215215159806533107994378
316261442,101782141139857619183708315634615267560182194444408765970438989722097081911803
316261443,35019918865298521029945886227390675006739508648371612576652519299607853961740
316261444,3498699120135324934488564529313991062144157475741724675612854266628679916774
316261445,48298353060523183793621635123087983577201250412430528164651763208816806705408
316261446,37095110605943854808443464656308495685536049650753250626236948034417500420242
316261447,653692192926558573701425162375944002047657664541922142174130938287539579154
316261448,100394857798394187584706416850806788212347526249317044830265571167559826644429
316261449,63527730657256070818623428826133003422654511671309415952700361643294091948843
316261450,49814451842701479030280897649250207276363624753031527158469869363456465302610
316261451,10971480807072342547746952894172264632226572550166378799205691271882247477571
316261452,33865222681385350022001706866464078358869124689869368889085487377140767339961
316261453,21764672747281318640554126762893719291557784001091309009854014340193682623503
316261454,87230370663612926466557628885852411144118659647162585082644502666361924047935
316261455,41289878630980440639835676263824574339945591802649706753335028491402796762950
316261456,4628090982356404806580404604312432120742540891157767275527018279801177435926
316261457,41710947278569801274616181453587514803356225533163985571568797507043544274886
316261458,57565707589983928609278936349533721869641703817018643219091150301489960596895
316261459,50336150870592509500972258387178063535614418489736753753683204619063504184310
316261460,95100596043459065903791101405172748556962155605564869771181882691297802987886
316261461,99912422961515570192836523089004301670124167952775529838284897975382030318127
316261462,107808253062393096688431349619746979857715199162987105563551129702364889764009
316261463,23554078270953942704724822116415406041948981015405590902615549080567901163290
316261464,67275838616554518119467122491003931531090628016871631818637950365647264807373
316261465,66760460792091563593057408312589863515863300844657006132568413101583396198429
316261466,109268649493411308560116527279731897497135091679547057985870763189513727545616
316261467,51903540541536160589460394485694223667470388626714763334451542996819131923694
316261468,113241369236553275794325941046440589511414940949775699008579184770873705989400
316261469,20247327064806899435469195136115724404035446579870682178375871346679660061379
316261470,42605951589378769942101649902402052330950383193746090395456605821560174173667
316261471,60495360783779696427924263479733678307405288080427315550978417872663748963542
316261472,25550714952460200272457672950730351416874373408527589902217269090701903481886
316261473,100848215745950434502212270678131037192299448409839174371427904511290493498524
316261474,113376555874319814860951551864367938787496432925411125107584713295926141832970
316261475,114335734295609075510781995643656465608216821641964488205013514141956881550558
316261476,28702018700891136337413020726112720156517072147194863522786969774583849763531
316261477,76421636771752644110918594773636589155900413601049302268009504352464389816746
316261478,35434916140545235645443786027082170941974634978790474375167696385546153370656
316261479,61184764391951279441694119956865866337809534322502306382643249826561355088479
316261480,25833575512758966740731881772512773501391950714876984786609936526045629914366
316261481,47582987055134929402499176465123792413007884102255687911358803247907178556252
316261482,38312562315358072491476345783653260979175065603286162240753775820055356734388
316261483,40615960503966497752141257212116843721898999944977524688773382578614509164252
316261484,99221642378467880034427427897511015234541885552062794286950505152331478529356
316261485,107820794473780020374691839223010105647012047994374142090453220674991575560422
316261486,2588788821940988489663353289474165004416430691204845557589068016889190532489
316261487,31102124063001226714048024994448564910875813608258972697030344250492224488616
316261488,54554256746097457033300621570420887912668935434332216526753329399945141262741
316261489,84898182831105480786980313827045856662122393177738192129097084725137574048432
316261490,14832101700429913016719104977918672772354775937983168582360048389706008182417
316261491,67423758897042571111905327471244785324619096214427053048839228645346382670427
316261492,35732868384825483814115983381559748384920947557681540110822469311433506091233
316261493,24857205535348749025843947095333921308578599406397622970051379532709726559419
316261494,110123979875054386858181957349417098242405500737188488743502763081287911283797
316261495,58306818440982704815760642124956836097657953231575281818284724190417450550875
316261496,91196984391567581791172101618712997108833962212734383303231296956921731315484
316261497,24406652814685927800349579679151142421588724721374517968131894411792072482110
316261498,9508705443646562988417981299288669992018409723686377692635633480860421965936
316261499,31423506866916488028002487133672991726832329858883222354185133541779049759171
316261500,94360989754933914346431635002746144155165930215929376138218485956624358486561
316261501,7333717582490217547042228505258933791431864379729709237083449259315895262535
316261502,29806107317132362220072605832463249723589149624594775550699139276795992765823
316261503,54011834710274410094688708876966674746862618383452965072924576633589950304055
316261504,94385839277184349988272045051287533204386789850547537796328169763204764318590
316261505,101828096639945568038377678718748609589109958337989274554141762607554207022273
316261506,33482012674544916182081967083263854105315709525175770396384620900642967408452
316261507,750734408417761595624503364820513927238347498249868309113668906020781143830
316261508,103054105042098612459927626864302545401582021269995752937652911278307174683667
316261509,23257383114430734977009552537774658819830116994101640408339213681716822640168
316261510,96392923211813020011747884977576106057076547452850517024647231491947163167827
316261511,54122720643769975431437026313445749189946451001523702778452358737158455980899
316261512,13293535713650004312538454325470025969357191967508491718586
